k,SantosPrecision,SantosRecall,starmiePrecision,starmieRecall,kglidsPrecision,kglidsRecall
10,0.935,0.04,0.995,0.04,1.0,0.075699
20,0.9,0.08,0.99,0.099,0.998,0.150903
30,0.88,0.125,0.985,0.14,0.996667,0.225528
40,0.87,0.16,0.98,0.18,0.99475,0.292917
50,0.854,0.2,0.97,0.235,0.992,0.356019
60,0.815,0.225,0.965,0.275,0.988,0.416525